{
  "coverMd5" : "EA84AAB7BE648B880017DBA0151EB411",
  "assetList" : [
    {
      "name" : "图片0",
      "time" : "2022-01-05 23:47:04",
      "assetType" : "png",
      "assetId" : "B632DB61-67C6-498E-825E-1A60F963E9E0",
      "templateId" : "659A231A-10CF-4927-AB85-0866D0E0A99C"
    },
    {
      "assetId" : "F1C1BA98-BD3C-49B5-88D0-095A1ECACAA0",
      "name" : "图片1",
      "templateId" : "659A231A-10CF-4927-AB85-0866D0E0A99C",
      "assetType" : "png",
      "time" : "2022-01-05 23:47:08"
    },
    {
      "assetId" : "00D813BE-14DE-4B32-A21C-2EB98258264D",
      "templateId" : "659A231A-10CF-4927-AB85-0866D0E0A99C",
      "name" : "图片2",
      "time" : "2022-01-05 23:47:12",
      "assetType" : "png"
    }
  ],
  "templateId" : "659A231A-10CF-4927-AB85-0866D0E0A99C",
  "code" : "{创建动图，\n{\n{添加帧，{新建画板，330，269，{\n{画图片，图片0，0，0}\n{画图片，头像，161，121，75，75}\n}}}\n{添加帧，{新建画板，330，269，{\n{画图片，图片1，0，0}\n{画图片，头像，173，124，68，68}\n}}}\n{添加帧，{新建画板，330，269，{\n{画图片，图片2，0，0}\n{画图片，头像，208，166，52，52}\n}}}\n}\n}",
  "author" : "version1.0",
  "title" : "打"
}