{
  "code" : "{新建画板，\n{取图片宽度，摸鱼}，\n{取图片高度，摸鱼}，\n{\n{画图片，头像，14，11，287，287}\n{画图片，摸鱼，0，0}\n}\n}",
  "assetList" : [
    {
      "name" : "摸鱼",
      "assetType" : "png",
      "time" : "2022-01-06 01:00:14",
      "assetId" : "DC22BC66-54B6-40D9-8C99-0B1FFAC9A84C",
      "templateId" : "3D0F7574-A88D-43C2-AC70-1566C88C3681"
    }
  ],
  "author" : "version1.0",
  "title" : "摸鱼静图",
  "coverMd5" : "EB632444A091C55EDA072BDD1EF1FEA7",
  "templateId" : "3D0F7574-A88D-43C2-AC70-1566C88C3681"
}