{
  "title" : "丢",
  "code" : "{创建动图，{\n\n{添加帧，{新建画板，350，350，{\n{画图片，图片0，0，0}\n{画图片，头像，108，35，34，34}\n}}}\n\n{添加帧，{新建画板，350，350，{\n{画图片，图片1，0，0}\n{画图片，头像，122，34，34，34}\n}}}\n\n{添加帧，{新建画板，350，350，{\n{画图片，图片2，0，0}\n{画图片，头像，143，41，19，19}\n}}}\n\n{添加帧，{新建画板，350，350，{\n{画图片，图片3，0，0}\n{画图片，头像，17，128，126，126}\n}}}\n\n{添加帧，{新建画板，350，350，{\n{画图片，图片4，0，0}\n{画图片，头像，-53，199，190，190}\n{画图片，头像，287，67，39，39}\n}}}\n\n{添加帧，{新建画板，350，350，{\n{画图片，图片5，0，0}\n{画图片，头像，276，69，37，37}\n}}}\n\n{添加帧，{新建画板，350，350，{\n{画图片，图片6，0，0}\n{画图片，头像，258，30，38，38}\n}}}\n\n{添加帧，{新建画板，350，350，{\n{画图片，图片7，0，0}\n{画图片，头像，-53，219，180，180}\n}}}\n\n}}",
  "templateId" : "B1716698-80D4-48DB-B1C6-84FCC1611569",
  "coverMd5" : "E7285155AADED161229480F15EB70602",
  "assetList" : [
    {
      "time" : "2022-01-19 15:42:00",
      "assetId" : "6BE2FB81-F04D-492A-973A-1D4DFDF439C9",
      "templateId" : "B1716698-80D4-48DB-B1C6-84FCC1611569",
      "name" : "图片0",
      "assetType" : "png"
    },
    {
      "templateId" : "B1716698-80D4-48DB-B1C6-84FCC1611569",
      "assetType" : "png",
      "assetId" : "AFE8D07A-67F7-47BA-AFBB-EA1020A9AF35",
      "name" : "图片1",
      "time" : "2022-01-19 15:42:02"
    },
    {
      "templateId" : "B1716698-80D4-48DB-B1C6-84FCC1611569",
      "time" : "2022-01-19 15:42:04",
      "name" : "图片2",
      "assetType" : "png",
      "assetId" : "F31CD371-8959-4B48-8A6D-3779E1A0FD40"
    },
    {
      "assetType" : "png",
      "assetId" : "BA1FB7BF-9801-4499-BD96-3D1D2FB86C0D",
      "templateId" : "B1716698-80D4-48DB-B1C6-84FCC1611569",
      "time" : "2022-01-19 15:42:05",
      "name" : "图片3"
    },
    {
      "assetId" : "853DAADD-A26A-469A-A97A-D5A1F57A140B",
      "name" : "图片4",
      "assetType" : "png",
      "time" : "2022-01-19 15:42:07",
      "templateId" : "B1716698-80D4-48DB-B1C6-84FCC1611569"
    },
    {
      "name" : "图片5",
      "templateId" : "B1716698-80D4-48DB-B1C6-84FCC1611569",
      "assetType" : "png",
      "time" : "2022-01-19 15:42:08",
      "assetId" : "7329130C-0FCA-45DF-B7D5-BA82D62D9794"
    },
    {
      "name" : "图片6",
      "assetId" : "8925442C-71EB-4038-8785-9B519F5EF6AE",
      "templateId" : "B1716698-80D4-48DB-B1C6-84FCC1611569",
      "assetType" : "png",
      "time" : "2022-01-19 15:42:10"
    },
    {
      "name" : "图片7",
      "assetType" : "png",
      "time" : "2022-01-19 15:42:12",
      "assetId" : "09305A9B-5598-4929-B9E2-BE6F99291735",
      "templateId" : "B1716698-80D4-48DB-B1C6-84FCC1611569"
    }
  ],
  "author" : "version1.0"
}