{
  "title" : "摸",
  "author" : "version1.0",
  "assetList" : [
    {
      "templateId" : "8CCAFD73-D198-4D83-A9BA-1505C7059730",
      "assetId" : "F8CB6E37-DC35-4786-B93A-E867F42DDE3D",
      "name" : "图片0",
      "assetType" : "png",
      "time" : "2022-01-06 00:19:45"
    },
    {
      "time" : "2022-01-06 00:19:50",
      "assetId" : "75F1B062-BB89-44E8-8D66-CF9EE877882D",
      "templateId" : "8CCAFD73-D198-4D83-A9BA-1505C7059730",
      "name" : "图片1",
      "assetType" : "png"
    },
    {
      "assetType" : "png",
      "time" : "2022-01-06 00:19:54",
      "name" : "图片2",
      "templateId" : "8CCAFD73-D198-4D83-A9BA-1505C7059730",
      "assetId" : "108B460D-898B-40EB-AC4C-22091E9307EC"
    },
    {
      "templateId" : "8CCAFD73-D198-4D83-A9BA-1505C7059730",
      "assetType" : "png",
      "assetId" : "8CD9ED2D-53FB-4B84-910E-62F4A0CB2A6A",
      "name" : "图片3",
      "time" : "2022-01-06 00:19:58"
    }
  ],
  "templateId" : "8CCAFD73-D198-4D83-A9BA-1505C7059730",
  "coverMd5" : "307A5FE1C1FE791FA62654038BC5A754",
  "code" : "{创建动图，\n{\n{添加帧，{新建画板，78，78，{\n{画图片，图片0，0，0}\n{画图片，头像，11，45，30，30}\n}}}\n{添加帧，{新建画板，78，78，{\n{画图片，图片1，0，0}\n{画图片，头像，11，45，30，30}\n}}}\n{添加帧，{新建画板，78，78，{\n{画图片，图片2，0，0}\n{画图片，头像，11，45，30，30}\n}}}\n{添加帧，{新建画板，78，78，{\n{画图片，图片3，0，0}\n{画图片，头像，11，45，30，30}\n}}}\n}\n}\n{设置帧延迟，60}"
}