{
  "title" : "仰望大佬",
  "templateId" : "3484FFCA-9DF0-42E9-95D8-EAE1FA8B761F",
  "coverMd5" : "249DD80F3207FA0D285AB09D04609AAE",
  "code" : "{新建画板，\n{取图片宽度，图片0}，\n{取图片高度，图片0}，\n{\n{画图片，图片0，0，0}\n{画图片，头像，395，460，100，100}\n{画图片，头像，606，442，100，100}\n}\n}",
  "author" : "version1.0",
  "assetList" : [
    {
      "name" : "图片0",
      "assetId" : "AC039337-65EE-48E3-9C9E-DB6FE9F3487B",
      "assetType" : "png",
      "time" : "2022-01-05 23:37:10",
      "templateId" : "3484FFCA-9DF0-42E9-95D8-EAE1FA8B761F"
    }
  ]
}