{
  "code" : "{创建动图，\n{\n{添加帧，{新建画板，190，192，{\n{画图片，图片0，0，0}\n{画图片，头像，25，95，75，75}\n}}}\n{添加帧，{新建画板，190，192，{\n{画图片，图片1，0，0}\n{画图片，头像，25，95，70，70}\n}}}\n}\n}\n{设置帧延迟，80}",
  "author" : "version1.0",
  "templateId" : "42DD8909-5E50-45D8-8786-110D159A22DA",
  "title" : "敲",
  "assetList" : [
    {
      "time" : "2022-01-06 00:29:43",
      "name" : "图片1",
      "assetId" : "0D95B0E2-3D27-4E52-9539-D3F49564AA90",
      "templateId" : "42DD8909-5E50-45D8-8786-110D159A22DA",
      "assetType" : "png"
    },
    {
      "name" : "图片0",
      "assetType" : "png",
      "time" : "2022-01-06 00:30:21",
      "templateId" : "42DD8909-5E50-45D8-8786-110D159A22DA",
      "assetId" : "6E8456FB-613F-4983-9C0B-660748A2C62B"
    }
  ],
  "coverMd5" : "E6DA95DE502E83FF8E4E65844544C1C4"
}