{
  "title" : "丢",
  "templateId" : "30BCEFAD-393B-4A70-9BCA-DA90F37F9952",
  "author" : "version1.0",
  "assetList" : [
    {
      "templateId" : "30BCEFAD-393B-4A70-9BCA-DA90F37F9952",
      "name" : "图片0",
      "assetType" : "png",
      "assetId" : "97A9BE1B-65DB-441A-BB17-8B013916F5FD",
      "time" : "2022-01-19 15:48:33"
    },
    {
      "time" : "2022-01-19 15:48:35",
      "assetId" : "D2AD90B8-8AA2-4D93-A39A-93994F5C040C",
      "assetType" : "png",
      "templateId" : "30BCEFAD-393B-4A70-9BCA-DA90F37F9952",
      "name" : "图片1"
    },
    {
      "name" : "图片2",
      "templateId" : "30BCEFAD-393B-4A70-9BCA-DA90F37F9952",
      "assetId" : "11E3D0C8-987A-4690-8C3F-AEEB56FAC186",
      "assetType" : "png",
      "time" : "2022-01-19 15:48:36"
    },
    {
      "assetType" : "png",
      "time" : "2022-01-19 15:48:37",
      "templateId" : "30BCEFAD-393B-4A70-9BCA-DA90F37F9952",
      "assetId" : "BCF1A77C-B6C1-4320-9952-BF9721C54BF2",
      "name" : "图片3"
    },
    {
      "assetId" : "FD990AAA-2FBC-492F-8C67-07E3C47DF758",
      "assetType" : "png",
      "templateId" : "30BCEFAD-393B-4A70-9BCA-DA90F37F9952",
      "name" : "图片4",
      "time" : "2022-01-19 15:48:39"
    },
    {
      "templateId" : "30BCEFAD-393B-4A70-9BCA-DA90F37F9952",
      "assetType" : "png",
      "name" : "图片5",
      "assetId" : "89FFC21B-9202-4B94-9B1D-3CDF3B65AE5C",
      "time" : "2022-01-19 15:48:41"
    }
  ],
  "coverMd5" : "7643F7A87E0C91E829659EDEC582759D",
  "code" : "{创建动图，{\n\n{添加帧，{新建画板，300，240，{\n{画图片，图片0，0，0}\n{画图片，头像，199，32，84，84}\n}}}\n\n{添加帧，{新建画板，300，240，{\n{画图片，图片1，0，0}\n{画图片，头像，114，-1，84，84}\n}}}\n\n{添加帧，{新建画板，300，240，{\n{画图片，图片2，0，0}\n{画图片，头像，22，30，84，84}\n}}}\n\n{添加帧，{新建画板，300，240，{\n{画图片，图片3，0，0}\n{画图片，头像，0，46，84，84}\n}}}\n\n{添加帧，{新建画板，300，240，{\n{画图片，图片4，0，0}\n{画图片，头像，100，-1，84，84}\n}}}\n\n{添加帧，{新建画板，300，240，{\n{画图片，图片5，0，0}\n{画图片，头像，195，29，84，84}\n}}}\n\n}}"
}