{
  "templateId" : "D74C8598-46C9-4D3E-B5F1-E0C9A683CB76",
  "coverMd5" : "730190BC01CFC17D458BAF35E435D8B9",
  "title" : "咬",
  "code" : "{创建动图，{\n\n{添加帧，{新建画板，328，388，{\n{画图片，头像，108，234，98，101}\n{画图片，图片0，0，0}\n}}}\n\n{添加帧，{新建画板，328，388，{\n{画图片，头像，108，237，96，100}\n{画图片，图片1，0，0}\n}}}\n\n}}",
  "assetList" : [
    {
      "time" : "2022-01-19 16:04:44",
      "assetId" : "97B6A9A6-49CB-4431-B762-38054172A3A8",
      "templateId" : "D74C8598-46C9-4D3E-B5F1-E0C9A683CB76",
      "name" : "图片0",
      "assetType" : "png"
    },
    {
      "assetType" : "png",
      "templateId" : "D74C8598-46C9-4D3E-B5F1-E0C9A683CB76",
      "time" : "2022-01-19 16:04:46",
      "assetId" : "F78E7C43-02A5-4AF4-B82E-0A181061A35A",
      "name" : "图片1"
    }
  ],
  "author" : "version1.0"
}