{
  "code" : "{创建动图，\n{\n{添加帧，{新建画板，160，197，{\n{画图片，图片0，0，0}\n{画图片，头像，10，138，44，44}\n}}}\n{添加帧，{新建画板，160，197，{\n{画图片，图片1，0，0}\n{画图片，头像，10，138，44，44}\n}}}\n}\n}",
  "assetList" : [
    {
      "assetType" : "png",
      "time" : "2022-01-06 00:49:35",
      "assetId" : "76DD9A31-985C-4166-852A-9D01DB867703",
      "templateId" : "8E640886-2637-49BC-8C8E-FD96DCC3194D",
      "name" : "图片0"
    },
    {
      "assetId" : "511D50D9-59DD-490F-9D53-0E1D22DDCD02",
      "name" : "图片1",
      "templateId" : "8E640886-2637-49BC-8C8E-FD96DCC3194D",
      "time" : "2022-01-06 00:49:46",
      "assetType" : "png"
    }
  ],
  "title" : "舔",
  "coverMd5" : "DB85218A62957F140560DA71AA045875",
  "templateId" : "8E640886-2637-49BC-8C8E-FD96DCC3194D",
  "author" : "version1.0"
}