{
  "code" : "{创建动图，{\n\n{添加帧，{新建画板，99，99，{\n{画图片，图片0，0，0}\n{画图片，头像，66，58，27，27}\n}}}\n\n{添加帧，{新建画板，99，99，{\n{画图片，图片1，0，0}\n{画图片，头像，72，62，27，27}\n}}}\n\n{添加帧，{新建画板，99，99，{\n{画图片，图片2，0，0}\n{画图片，头像，66，58，27，27}\n}}}\n\n{添加帧，{新建画板，99，99，{\n{画图片，图片3，0，0}\n{画图片，头像，72，62，27，27}\n}}}\n\n{添加帧，{新建画板，99，99，{\n{画图片，图片4，0，0}\n{画图片，头像，66，58，27，27}\n}}}\n\n{添加帧，{新建画板，99，99，{\n{画图片，图片5，0，0}\n{画图片，头像，72，62，27，27}\n}}}\n\n}}",
  "coverMd5" : "6163A4AB4CF7133E2FEDC817F4FB19D2",
  "assetList" : [
    {
      "assetType" : "png",
      "time" : "2022-01-19 15:51:28",
      "assetId" : "548128CD-474D-44D5-B3B7-014872840D06",
      "templateId" : "72A01443-458F-4B59-9A0B-62D8D1C28F8F",
      "name" : "图片0"
    },
    {
      "assetType" : "png",
      "time" : "2022-01-19 15:51:29",
      "name" : "图片1",
      "templateId" : "72A01443-458F-4B59-9A0B-62D8D1C28F8F",
      "assetId" : "E84E245C-03E3-4427-8535-05A24FBCEE2C"
    },
    {
      "templateId" : "72A01443-458F-4B59-9A0B-62D8D1C28F8F",
      "assetType" : "png",
      "assetId" : "E0AAFCB7-AB4B-4875-88A9-AF4937F3B43A",
      "name" : "图片2",
      "time" : "2022-01-19 15:51:32"
    },
    {
      "assetType" : "png",
      "assetId" : "BAA13EA9-C7FA-4D54-A685-83CBED9CD5F8",
      "templateId" : "72A01443-458F-4B59-9A0B-62D8D1C28F8F",
      "time" : "2022-01-19 15:51:33",
      "name" : "图片3"
    },
    {
      "assetType" : "png",
      "time" : "2022-01-19 15:51:34",
      "templateId" : "72A01443-458F-4B59-9A0B-62D8D1C28F8F",
      "assetId" : "7175D7B9-E5A4-4E20-9A67-5E7C0CED0B30",
      "name" : "图片4"
    },
    {
      "time" : "2022-01-19 15:51:36",
      "assetId" : "962ACD2A-76B9-476A-82A3-10298D07DAE8",
      "templateId" : "72A01443-458F-4B59-9A0B-62D8D1C28F8F",
      "name" : "图片5",
      "assetType" : "png"
    }
  ],
  "author" : "version1.0",
  "title" : "打",
  "templateId" : "72A01443-458F-4B59-9A0B-62D8D1C28F8F"
}