{
  "coverMd5" : "3E35343ABE8A7DC7E2CF512C9880BF37",
  "templateId" : "E582BAA9-37E8-4CE9-882B-FDD4949DF2B2",
  "author" : "version1.0",
  "assetList" : [
    {
      "name" : "图片0",
      "assetType" : "png",
      "time" : "2022-01-19 16:01:03",
      "assetId" : "BE0B5A47-3B3B-4D56-964E-AA197C36C6C8",
      "templateId" : "E582BAA9-37E8-4CE9-882B-FDD4949DF2B2"
    }
  ],
  "code" : "{新建画板，\n{取图片宽度，图片0}，\n{取图片高度，图片0}，\n{\n{画图片，图片0，0，0}\n{画图片，头像，179，172，158，152}\n}\n}",
  "title" : "吃"
}