{
  "code" : "{创建动图，{\n\n{添加帧，{新建画板，96，83，{\n{画图片，图片0，0，0}\n{画图片，头像，1，45，30，30}\n}}}\n\n{添加帧，{新建画板，96，83，{\n{画图片，图片1，0，0}\n{画图片，头像，1，65，30，30}\n}}}\n\n}}",
  "coverMd5" : "9FED9F58BAC86DC7AC4FE3AC514D6451",
  "templateId" : "FC85B389-1674-4CA5-AAB2-E9148CD7DA45",
  "title" : "拍",
  "author" : "version1.0",
  "assetList" : [
    {
      "time" : "2022-01-19 16:12:42",
      "assetType" : "png",
      "templateId" : "FC85B389-1674-4CA5-AAB2-E9148CD7DA45",
      "assetId" : "2CCF876D-9181-4EA8-8D97-7345474127AB",
      "name" : "图片0"
    },
    {
      "time" : "2022-01-19 16:12:44",
      "assetId" : "7E89F408-DD16-4FD9-9AA5-7365C111C485",
      "name" : "图片1",
      "assetType" : "png",
      "templateId" : "FC85B389-1674-4CA5-AAB2-E9148CD7DA45"
    }
  ]
}