{
  "code" : "{新建画板，{取图片宽度，丢}，{取图片高度，丢}，{\n{画图片，丢，0，0}\n{画图片，头像，30，200，100，100}\n}}",
  "coverMd5" : "8FCC8E941188E097DDA8BFCE5BB32EB1",
  "assetList" : [
    {
      "assetType" : "png",
      "assetId" : "7431F179-2E24-47CF-A6F5-DAF17334B39A",
      "templateId" : "E6922DC4-6C37-4EBC-A203-67BEC27BC58E",
      "name" : "丢",
      "time" : "2022-01-03 00:25:50"
    }
  ],
  "templateId" : "E6922DC4-6C37-4EBC-A203-67BEC27BC58E",
  "author" : "version1.0",
  "title" : "丢"
}