{
  "author" : "version1.0",
  "code" : "{创建动图，{\n    {循环，6，i，{\n        {添加帧，{新建画板，\n            {取图片宽度，图片{i}}，\n            {取图片高度，图片{i}}，\n            {\n            {画图片，头像，78，77，144，144}\n            {画图片，图片{i}，0，0}\n            }\n        }}\n    }}\n}}\n{设置帧延迟，130}",
  "coverMd5" : "A1DB9378CD3ECA5D2C91A9C3FEE2F4EE",
  "assetList" : [
    {
      "assetId" : "12F17964-5FA9-40C7-B211-9B361850230C",
      "name" : "图片0",
      "templateId" : "8D817BCB-C0C6-4406-BD6C-B3338DD8136E",
      "assetType" : "png",
      "time" : "2022-01-24 17:21:38"
    },
    {
      "time" : "2022-01-24 17:21:39",
      "assetId" : "C8AFC8D1-D0A6-442E-917E-51591173C4A6",
      "templateId" : "8D817BCB-C0C6-4406-BD6C-B3338DD8136E",
      "name" : "图片1",
      "assetType" : "png"
    },
    {
      "assetType" : "png",
      "time" : "2022-01-24 17:21:41",
      "name" : "图片2",
      "templateId" : "8D817BCB-C0C6-4406-BD6C-B3338DD8136E",
      "assetId" : "47ECE5E8-596C-4274-AAFD-E6FAA4A8D88D"
    },
    {
      "templateId" : "8D817BCB-C0C6-4406-BD6C-B3338DD8136E",
      "assetType" : "png",
      "assetId" : "BFD18C41-A86D-4B35-9CF8-22F6C9E5D3F0",
      "name" : "图片3",
      "time" : "2022-01-24 17:21:43"
    },
    {
      "assetType" : "png",
      "assetId" : "372FDF90-1A36-49F6-A794-D53D977D0D97",
      "templateId" : "8D817BCB-C0C6-4406-BD6C-B3338DD8136E",
      "time" : "2022-01-24 17:21:44",
      "name" : "图片4"
    },
    {
      "assetId" : "C25D5434-2924-49E4-B0F9-A82E403125B2",
      "name" : "图片5",
      "time" : "2022-01-24 17:21:46",
      "assetType" : "png",
      "templateId" : "8D817BCB-C0C6-4406-BD6C-B3338DD8136E"
    }
  ],
  "templateId" : "8D817BCB-C0C6-4406-BD6C-B3338DD8136E",
  "title" : "摸鱼动图"
}