{
  "code" : "{新建画板，\n{取图片宽度，吃}，\n{取图片高度，吃}，\n{\n{画图片，头像，86，155，290，290}\n{画图片，吃，0，0}\n}\n}",
  "assetList" : [
    {
      "assetId" : "65307B05-B961-4942-89F3-701827264058",
      "templateId" : "FE806C52-056E-45F4-B7E0-2CC604F4A4F9",
      "name" : "吃",
      "time" : "2022-01-06 01:12:08",
      "assetType" : "png"
    }
  ],
  "title" : "吃",
  "coverMd5" : "063794C433AA9AC6C56BB187F1DBC356",
  "templateId" : "FE806C52-056E-45F4-B7E0-2CC604F4A4F9",
  "author" : "version1.0"
}